{
   "dashboards": [{
      "autoswitchEnabled": false,
      "columnCount": 1,
      "columnProportion": "1",
      "creationTime": 1545161229216,
      "dashboardNavigations": {},
      "description": "",
      "disabled": false,
      "gridsterMaxColumns": 12,
      "hidden": true,
      "homeTab": false,
      "id": "9f2c78a6-a809-4173-b959-535d025da0f1",
      "importAttempts": 0,
      "importComplete": true,
      "isDefault": false,
      "locked": false,
      "name": "Clean Executive Summary",
      "rank": 1,
      "shared": false,
      "temporary": false,
      "userId": "0f6331b3-c2da-4d1f-a1d6-bd914895de73",
      "widgetInteractions": [],
      "widgets": [
         {
            "collapsed": false,
            "config": {
               "boxColumns": 5,
               "boxHeight": null,
               "labelSize": 12,
               "maxCellCount": 100,
               "metric": {
                  "mode": "resourceKind",
                  "resourceKindMetrics": [
                     {
                        "colorMethod": 2,
                        "id": "extModel7625-1",
                        "isStringMetric": false,
                        "label": "Datacenters",
                        "metricKey": "summary|total_number_datacenters",
                        "metricName": "Summary|Total Number of Datacenters",
                        "metricUnitId": null,
                        "orangeBound": null,
                        "redBound": null,
                        "resourceKindId": "resourceKind:id:0_::_",
                        "resourceKindName": "vSphere World",
                        "unit": "",
                        "yellowBound": null
                     },
                     {
                        "colorMethod": 2,
                        "id": "extModel7625-2",
                        "isStringMetric": false,
                        "label": "Clusters",
                        "metricKey": "summary|total_number_clusters",
                        "metricName": "Summary|Total Number of Clusters",
                        "metricUnitId": null,
                        "orangeBound": null,
                        "redBound": null,
                        "resourceKindId": "resourceKind:id:0_::_",
                        "resourceKindName": "vSphere World",
                        "unit": "",
                        "yellowBound": null
                     },
                     {
                        "colorMethod": 2,
                        "id": "extModel7625-3",
                        "isStringMetric": false,
                        "label": "Hosts",
                        "metricKey": "summary|total_number_hosts",
                        "metricName": "Summary|Total Number of Hosts",
                        "metricUnitId": null,
                        "orangeBound": null,
                        "redBound": null,
                        "resourceKindId": "resourceKind:id:0_::_",
                        "resourceKindName": "vSphere World",
                        "unit": "",
                        "yellowBound": null
                     },
                     {
                        "colorMethod": 2,
                        "id": "extModel7625-4",
                        "isStringMetric": false,
                        "label": "Datastores",
                        "metricKey": "summary|total_number_datastores",
                        "metricName": "Summary|Total Number of Datastores",
                        "metricUnitId": null,
                        "orangeBound": null,
                        "redBound": null,
                        "resourceKindId": "resourceKind:id:0_::_",
                        "resourceKindName": "vSphere World",
                        "unit": "",
                        "yellowBound": null
                     },
                     {
                        "colorMethod": 2,
                        "id": "extModel7625-5",
                        "isStringMetric": false,
                        "label": "Virtual Machines",
                        "metricKey": "summary|total_number_vms",
                        "metricName": "Summary|Total Number of VMs",
                        "metricUnitId": null,
                        "orangeBound": null,
                        "redBound": null,
                        "resourceKindId": "resourceKind:id:0_::_",
                        "resourceKindName": "vSphere World",
                        "unit": "",
                        "yellowBound": null
                     }
                  ],
                  "resourceMetrics": []
               },
               "mode": {"layoutMode": "fixedView"},
               "periodLength": null,
               "refreshContent": {"refreshContent": true},
               "refreshInterval": 300,
               "relationshipMode": {"relationshipMode": 0},
               "resInteractionMode": null,
               "roundDecimals": 0,
               "selfProvider": {"selfProvider": true},
               "showMetricName": {"showMetricName": true},
               "showMetricUnit": {"showMetricUnit": true},
               "showResourceName": {"showResourceName": false},
               "showSparkline": {"showSparkline": false},
               "title": "Environment Summary",
               "valueSize": 24,
               "visualTheme": 5
            },
            "gridsterCoords": {
               "h": 3,
               "w": 12,
               "x": 1,
               "y": 1
            },
            "height": 153,
            "id": "327bc413-4cc4-403a-ac4a-1bc96a4df52f",
            "title": "Environment Summary",
            "type": "Scoreboard"
         },
         {
            "collapsed": false,
            "config": {
               "chartViewItems": ["legend"],
               "refreshContent": {"refreshContent": false},
               "refreshInterval": 300,
               "resource": {
                  "adapterKindId": "VMWARE",
                  "allowDrag": true,
                  "allowDrop": true,
                  "checked": null,
                  "children": null,
                  "cls": "",
                  "depth": 1,
                  "expandable": true,
                  "expanded": false,
                  "href": "",
                  "hrefTarget": "",
                  "icon": "",
                  "iconCls": "resknd_default_vmware_vsphereworld",
                  "iconSrc": "images/resknd/default/16x16/VMWARE_vSphere World.png",
                  "id": "ebdd970d-978e-4a57-aeb0-08ba3f22f6c2",
                  "index": 0,
                  "isFirst": true,
                  "isLast": true,
                  "leaf": false,
                  "loaded": false,
                  "loading": false,
                  "nodeType": "resource",
                  "parentId": "source",
                  "qshowDelay": 0,
                  "qtip": "",
                  "qtitle": "",
                  "resourceId": "resource:id:0_::_",
                  "resourceKindId": "002006VMWAREvSphere World",
                  "resourceKindKey": "vSphere World",
                  "resourceKindName": "vSphere World",
                  "resourceKindType": 8,
                  "resourceName": "vSphere World",
                  "root": false,
                  "rootResourceId": "ebdd970d-978e-4a57-aeb0-08ba3f22f6c2",
                  "text": "vSphere World",
                  "traversalSpecId": "vSphere Storage-VMWARE-vSphere World",
                  "uniqueId": "ebdd970d-978e-4a57-aeb0-08ba3f22f6c2_1545905442168",
                  "visible": true
               },
               "selectFirstRow": {"selectFirstRow": false},
               "selfProvider": {"selfProvider": true},
               "title": "VM Growth for the past 6 months",
               "traversalSpecId": null,
               "viewDefinitionId": "85924cc2-c735-4208-8254-ed06b3bb5b1a"
            },
            "gridsterCoords": {
               "h": 6,
               "w": 6,
               "x": 1,
               "y": 4
            },
            "height": 324,
            "id": "8f1a4575-b973-4260-91db-c548ec32c86d",
            "states": [{
               "key": "perm_toolbarVisible_widget_9f2c78a6-a809-4173-b959-535d025da0f1_8f1a4575-b973-4260-91db-c548ec32c86d",
               "value": "b%3A0"
            }],
            "title": "VM Growth for the past 6 months",
            "type": "View"
         },
         {
            "collapsed": false,
            "config": {
               "chartViewItems": ["legend"],
               "refreshContent": {"refreshContent": false},
               "refreshInterval": 300,
               "resource": {
                  "adapterKindId": null,
                  "allowDrag": true,
                  "allowDrop": true,
                  "checked": null,
                  "children": null,
                  "cls": "",
                  "depth": 3,
                  "expandable": true,
                  "expanded": false,
                  "href": "",
                  "hrefTarget": "",
                  "icon": "",
                  "iconCls": "resknd_default_vmware_vsphereworld",
                  "iconSrc": "images/resknd/default/16x16/VMWARE_vSphere World.png",
                  "id": "ebdd970d-978e-4a57-aeb0-08ba3f22f6c2",
                  "index": 0,
                  "isFirst": true,
                  "isLast": true,
                  "leaf": true,
                  "loaded": false,
                  "loading": false,
                  "nodeType": "resource",
                  "parentId": "002006VMWAREvSphere World",
                  "qshowDelay": 0,
                  "qtip": "",
                  "qtitle": "",
                  "resourceId": "resource:id:0_::_",
                  "resourceKindId": "002006VMWAREvSphere World",
                  "resourceKindKey": "{adKind=VMWARE, resKind=vSphere World}",
                  "resourceKindName": "vSphere World",
                  "resourceKindType": "8",
                  "resourceName": "vSphere World",
                  "root": false,
                  "text": "vSphere World",
                  "traversalSpecId": "",
                  "uniqueId": "ebdd970d-978e-4a57-aeb0-08ba3f22f6c2_1545905451800",
                  "visible": true
               },
               "selectFirstRow": {"selectFirstRow": false},
               "selfProvider": {"selfProvider": true},
               "title": "ESXi Growth for the past 6 months",
               "traversalSpecId": null,
               "viewDefinitionId": "9eb575c2-017c-4cdf-bf7a-4952e699d612"
            },
            "gridsterCoords": {
               "h": 6,
               "w": 6,
               "x": 7,
               "y": 4
            },
            "height": 324,
            "id": "842e0804-fd60-405a-8f38-0898c353e145",
            "states": [{
               "key": "perm_toolbarVisible_widget_9f2c78a6-a809-4173-b959-535d025da0f1_842e0804-fd60-405a-8f38-0898c353e145",
               "value": "b%3A0"
            }],
            "title": "ESXi Growth for the past 6 months",
            "type": "View"
         },
         {
            "collapsed": false,
            "config": {
               "chartViewItems": [],
               "refreshContent": {"refreshContent": false},
               "refreshInterval": 300,
               "resource": {
                  "adapterKindId": null,
                  "allowDrag": true,
                  "allowDrop": true,
                  "checked": null,
                  "children": null,
                  "cls": "",
                  "depth": 3,
                  "expandable": true,
                  "expanded": false,
                  "href": "",
                  "hrefTarget": "",
                  "icon": "",
                  "iconCls": "resknd_default_vmware_vsphereworld",
                  "iconSrc": "images/resknd/default/16x16/VMWARE_vSphere World.png",
                  "id": "ebdd970d-978e-4a57-aeb0-08ba3f22f6c2",
                  "index": 0,
                  "isFirst": true,
                  "isLast": true,
                  "leaf": true,
                  "loaded": false,
                  "loading": false,
                  "nodeType": "resource",
                  "parentId": "002006VMWAREvSphere World",
                  "qshowDelay": 0,
                  "qtip": "",
                  "qtitle": "",
                  "resourceId": "resource:id:0_::_",
                  "resourceKindId": "002006VMWAREvSphere World",
                  "resourceKindKey": "{adKind=VMWARE, resKind=vSphere World}",
                  "resourceKindName": "vSphere World",
                  "resourceKindType": "8",
                  "resourceName": "vSphere World",
                  "root": false,
                  "text": "vSphere World",
                  "traversalSpecId": "",
                  "uniqueId": "ebdd970d-978e-4a57-aeb0-08ba3f22f6c2_1545868847170",
                  "visible": true
               },
               "selectFirstRow": {"selectFirstRow": false},
               "selfProvider": {"selfProvider": true},
               "title": "Cluster Time Remaining",
               "traversalSpecId": null,
               "viewDefinitionId": "9c7f1eb9-295d-4ff2-8683-86fe35064580"
            },
            "gridsterCoords": {
               "h": 8,
               "w": 6,
               "x": 1,
               "y": 10
            },
            "height": 438,
            "id": "30b903da-9a9b-45b1-8652-fd43c5b0d2f7",
            "title": "Cluster Time Remaining",
            "type": "View"
         },
         {
            "collapsed": false,
            "config": {
               "chartViewItems": [
                  "legend",
                  "labels"
               ],
               "refreshContent": {"refreshContent": false},
               "refreshInterval": 300,
               "resource": {
                  "adapterKindId": null,
                  "allowDrag": true,
                  "allowDrop": true,
                  "checked": null,
                  "children": null,
                  "cls": "",
                  "depth": 3,
                  "expandable": true,
                  "expanded": false,
                  "href": "",
                  "hrefTarget": "",
                  "icon": "",
                  "iconCls": "resknd_default_vmware_vsphereworld",
                  "iconSrc": "images/resknd/default/16x16/VMWARE_vSphere World.png",
                  "id": "ebdd970d-978e-4a57-aeb0-08ba3f22f6c2",
                  "index": 0,
                  "isFirst": true,
                  "isLast": true,
                  "leaf": true,
                  "loaded": false,
                  "loading": false,
                  "nodeType": "resource",
                  "parentId": "002006VMWAREvSphere World",
                  "qshowDelay": 0,
                  "qtip": "",
                  "qtitle": "",
                  "resourceId": "resource:id:0_::_",
                  "resourceKindId": "002006VMWAREvSphere World",
                  "resourceKindKey": "{adKind=VMWARE, resKind=vSphere World}",
                  "resourceKindName": "vSphere World",
                  "resourceKindType": "8",
                  "resourceName": "vSphere World",
                  "root": false,
                  "text": "vSphere World",
                  "traversalSpecId": "",
                  "uniqueId": "ebdd970d-978e-4a57-aeb0-08ba3f22f6c2_1545868961739",
                  "visible": true
               },
               "selectFirstRow": {"selectFirstRow": false},
               "selfProvider": {"selfProvider": true},
               "title": "Host Versions",
               "traversalSpecId": null,
               "viewDefinitionId": "410d5ece-2ef5-4e73-9b01-ea7385653dba"
            },
            "gridsterCoords": {
               "h": 8,
               "w": 6,
               "x": 7,
               "y": 10
            },
            "height": 438,
            "id": "6efd8bfb-e1a4-4518-ad25-2836bddc832b",
            "title": "Host Versions",
            "type": "View"
         }
      ]
   }],
   "entries": {
      "resource": [{
         "adapterKindKey": "VMWARE",
         "identifiers": [],
         "internalId": "resource:id:0_::_",
         "name": "vSphere World",
         "resourceKindKey": "vSphere World"
      }],
      "resourceKind": [{
         "adapterKindKey": "VMWARE",
         "internalId": "resourceKind:id:0_::_",
         "resourceKindKey": "vSphere World"
      }]
   },
   "uuid": "83f05356-2ddb-45d4-8708-13eb6cffd003"
}